<library path="lib/libposition_controllers">

  <class name="position_controllers/JointPositionController" type="position_controllers::JointPositionController" base_class_type="controller_interface::ControllerBase">
    <description>
      The JointPositionController tracks position commands. It expects a PositionJointInterface type of hardware interface.
    </description>
  </class>

  <class name="position_controllers/JointGroupPositionController" type="position_controllers::JointGroupPositionController" base_class_type="controller_interface::ControllerBase">
    <description>
      The JointGroupPositionController tracks position commands for a set of joints. It expects a PositionJointInterface type of hardware interface.
    </description>
  </class>

</library>
