<library path="lib/libvelocity_controllers">

  <class name="velocity_controllers/JointVelocityController" type="velocity_controllers::JointVelocityController" base_class_type="controller_interface::ControllerBase">
    <description>
      The JointVelocityController tracks velocity commands. It expects a VelocityJointInterface type of hardware interface.
    </description>
  </class>

  <class name="velocity_controllers/JointPositionController" type="velocity_controllers::JointPositionController" base_class_type="controller_interface::ControllerBase">
    <description>
      The JointPositionController converts position commands to velocity commands. It expects a VelocityJointInterface type of hardware interface.
    </description>
  </class>

  <class name="velocity_controllers/JointGroupVelocityController" type="velocity_controllers::JointGroupVelocityController" base_class_type="controller_interface::ControllerBase">
    <description>
      The JointGroupVelocityController tracks velocity commands for a set of joints. It expects a VelocityJointInterface type of hardware interface.
    </description>
  </class>

</library>
